-0.021668,-0.010093
-0.021668,-0.010093
-0.021668,-0.010093
-0.021668,-0.010093
-0.021683,-0.010095
-0.021489,-0.010071
-0.020796,-0.009952
-0.019732,-0.009728
-0.018094,-0.009349
-0.016408,-0.008941
-0.014225,-0.008383
-0.011658,-0.007699
-0.009080,-0.007015
-0.005755,-0.006135
-0.002397,-0.005243
0.000970,-0.004363
0.005014,-0.003322
0.009088,-0.002284
0.013170,-0.001261
0.017875,-0.000107
0.022609,0.001035
0.027351,0.002158
0.032659,0.003387
0.037998,0.004599
0.043344,0.005789
0.049199,0.007063
0.055084,0.008317
0.060975,0.009547
0.067317,0.010840
0.073689,0.012112
0.080066,0.013358
0.086837,0.014650
0.093637,0.015919
0.100443,0.017162
0.107585,0.018434
0.114756,0.019683
0.122447,0.020993
0.130170,0.022275
0.137899,0.023524
0.145856,0.024774
0.153819,0.025991
0.161787,0.027173
0.169917,0.028344
0.178053,0.029480
0.186193,0.030582
0.194439,0.031661
0.202690,0.032705
0.210945,0.033712
0.219252,0.034689
0.227563,0.035628
0.235877,0.036529
0.244189,0.037390
0.252505,0.038212
0.260825,0.038992
0.269087,0.039726
0.277355,0.040416
0.285626,0.041061
0.293786,0.041654
0.301950,0.042200
0.310117,0.042696
0.318121,0.043134
0.326127,0.043521
0.334136,0.043853
0.341928,0.044124
0.349722,0.044338
0.357518,0.044491
0.365055,0.044586
0.372581,0.044642
0.380112,0.044638
0.387332,0.044561
0.394540,0.044432
0.401751,0.044237
0.408607,0.043967
0.415449,0.043631
0.422290,0.043219
0.428736,0.042738
0.435164,0.042179
0.441588,0.041531
0.447580,0.040825
0.453549,0.040028
0.459508,0.039128
0.465008,0.038186
0.470478,0.037139
0.475929,0.035974
0.481063,0.034747
0.486158,0.033391
0.490756,0.032023
0.495301,0.030501
0.499787,0.028816
0.503823,0.027132
0.507787,0.025291
0.511668,0.023274
0.515163,0.021255
0.518557,0.019076
0.521835,0.016718
0.524861,0.014302
0.527779,0.011793
0.530615,0.009172
0.533434,0.006312
0.536107,0.003332
0.538640,0.000229
0.541202,-0.003243
0.543591,-0.006827
0.545799,-0.010528
0.548022,-0.014724
0.550046,-0.019008
0.551871,-0.023384
0.553650,-0.028331
0.555215,-0.033337
0.556579,-0.038404
0.557824,-0.044047
0.558854,-0.049719
0.559692,-0.055425
0.560354,-0.061655
0.560811,-0.067888
0.561093,-0.074133
0.561169,-0.080821
0.561068,-0.087473
0.560811,-0.094105
0.560342,-0.100875
0.559686,-0.107841
0.558892,-0.114790
0.557914,-0.121869
0.556774,-0.129104
0.555518,-0.136315
0.554091,-0.143746
0.552571,-0.151145
0.550973,-0.158527
0.549232,-0.166043
0.547418,-0.173525
0.545547,-0.180995
0.543568,-0.188533
0.541520,-0.196049
0.539369,-0.203769
0.537149,-0.211553
0.534878,-0.219322
0.532574,-0.227056
0.530245,-0.234782
0.527892,-0.242501
0.525534,-0.250133
0.523162,-0.257759
0.520786,-0.265385
0.518434,-0.272886
0.516080,-0.280385
0.513735,-0.287887
0.511442,-0.295231
0.509160,-0.302577
0.506898,-0.309928
0.504712,-0.317088
0.502549,-0.324252
0.500416,-0.331425
0.498220,-0.338872
0.496116,-0.345885
0.494046,-0.352818
0.492118,-0.359540
0.490265,-0.366214
0.488456,-0.372899
0.486771,-0.379364
0.485168,-0.385777
0.483628,-0.392205
0.482215,-0.398381
0.480888,-0.404501
0.479639,-0.410637
0.478523,-0.416491
0.477500,-0.422288
0.476567,-0.428098
0.475770,-0.433604
0.475076,-0.439049
0.474485,-0.444504
0.474027,-0.449639
0.473682,-0.454708
0.473456,-0.459782
0.473355,-0.464530
0.473377,-0.469204
0.473535,-0.473873
0.473808,-0.478233
0.474212,-0.482501
0.474771,-0.486751
0.475439,-0.490733
0.476245,-0.494604
0.477222,-0.498434
0.478319,-0.502073
0.479558,-0.505577
0.480949,-0.508938
0.482515,-0.512227
0.484243,-0.515434
0.486115,-0.518526
0.488142,-0.521522
0.490312,-0.524417
0.493022,-0.527685
0.495766,-0.530701
0.498640,-0.533588
0.502143,-0.536789
0.505651,-0.539737
0.509271,-0.542540
0.513553,-0.545572
0.517812,-0.548354
0.522160,-0.550987
0.527160,-0.553763
0.532105,-0.556300
0.537121,-0.558691
0.542745,-0.561152
0.548288,-0.563392
0.553884,-0.565493
0.560034,-0.567611
0.566079,-0.569528
0.572162,-0.571318
0.578662,-0.573086
0.585072,-0.574668
0.591526,-0.576123
0.598351,-0.577521
0.605111,-0.578777
0.611900,-0.579921
0.619024,-0.580999
0.626055,-0.581952
0.633113,-0.582805
0.640346,-0.583576
0.647602,-0.584255
0.654864,-0.584854
0.662252,-0.585373
0.669648,-0.585808
0.677048,-0.586170
0.684532,-0.586456
0.692021,-0.586667
0.699512,-0.586810
0.707048,-0.586883
0.714586,-0.586887
0.722125,-0.586826
0.729672,-0.586700
0.737218,-0.586510
0.744763,-0.586258
0.752281,-0.585945
0.759796,-0.585571
0.767501,-0.585126
0.775200,-0.584617
0.782894,-0.584040
0.790478,-0.583407
0.798057,-0.582712
0.805628,-0.581953
0.813050,-0.581145
0.820465,-0.580274
0.827872,-0.579340
0.835099,-0.578366
0.842317,-0.577328
0.849526,-0.576226
0.856526,-0.575093
0.863515,-0.573895
0.870492,-0.572631
0.877233,-0.571345
0.883960,-0.569992
0.890672,-0.568570
0.897123,-0.567135
0.903555,-0.565631
0.909970,-0.564054
0.916768,-0.562299
0.922864,-0.560628
0.928944,-0.558869
0.934704,-0.557136
0.940435,-0.555332
0.946138,-0.553442
0.951521,-0.551578
0.956870,-0.549637
0.962185,-0.547608
0.967166,-0.545615
0.972105,-0.543538
0.977004,-0.541368
0.981561,-0.539247
0.986067,-0.537036
0.990522,-0.534725
0.994638,-0.532476
0.998690,-0.530132
1.002679,-0.527681
1.006340,-0.525300
1.009923,-0.522822
1.013426,-0.520231
1.016627,-0.517709
1.019732,-0.515089
1.022737,-0.512354
1.025444,-0.509716
1.028089,-0.507002
1.030659,-0.504228
1.033204,-0.501307
1.035650,-0.498303
1.038150,-0.495015
1.040524,-0.491645
1.042767,-0.488185
1.045005,-0.484435
1.047108,-0.480608
1.049067,-0.476707
1.050902,-0.472693
1.052694,-0.468393
1.054341,-0.464038
1.055860,-0.459561
1.057309,-0.454802
1.058617,-0.450005
1.059791,-0.445105
1.060876,-0.439933
1.061827,-0.434736
1.062643,-0.429469
1.063358,-0.423940
1.063950,-0.418396
1.064412,-0.412840
1.064769,-0.407079
1.065004,-0.401280
1.065113,-0.395543
1.065117,-0.389511
1.065014,-0.383456
1.064806,-0.377434
1.064493,-0.371141
1.064099,-0.364852
1.063622,-0.358633
1.063044,-0.352179
1.062396,-0.345731
1.061660,-0.339147
1.060857,-0.332566
1.059996,-0.325993
1.059058,-0.319318
1.058064,-0.312646
1.057023,-0.305982
1.055918,-0.299237
1.054767,-0.292497
1.053579,-0.285763
1.052339,-0.278970
1.051062,-0.272181
1.049758,-0.265396
1.048413,-0.258574
1.047041,-0.251754
1.045648,-0.244939
1.044228,-0.238103
1.042788,-0.231270
1.041335,-0.224440
1.039865,-0.217608
1.038384,-0.210776
1.036849,-0.203728
1.035310,-0.196680
1.033768,-0.189633
1.032232,-0.182636
1.030698,-0.175637
1.029168,-0.168637
1.027656,-0.161712
1.026150,-0.154785
1.024655,-0.147855
1.023187,-0.141018
1.021731,-0.134176
1.020291,-0.127332
1.018887,-0.120595
1.017501,-0.113853
1.016135,-0.107107
1.014814,-0.100485
1.013516,-0.093856
1.012243,-0.087223
1.011023,-0.080728
1.009829,-0.074227
1.008668,-0.067719
1.007564,-0.061366
1.006493,-0.055006
1.005460,-0.048640
1.004490,-0.042443
1.003558,-0.036239
1.002670,-0.030029
1.001849,-0.024003
1.001073,-0.017970
1.000347,-0.011931
0.999690,-0.006091
0.999085,-0.000242
0.998537,0.005612
0.998060,0.011253
0.997641,0.016904
0.997286,0.022557
0.996967,0.028233
0.996570,0.033861
0.996163,0.039046
0.995847,0.044334
0.995597,0.049593
0.995341,0.054847
0.995105,0.060276
0.994903,0.065770
0.994692,0.071252
0.994462,0.076871
0.994234,0.082562
0.993989,0.088247
0.993703,0.094108
0.993388,0.099969
0.993042,0.105930
0.992665,0.112144
0.992259,0.118350
0.991792,0.124676
0.991281,0.131002
0.990733,0.137323
0.990134,0.143731
0.989494,0.150136
0.988818,0.156538
0.988098,0.163001
0.987344,0.169461
0.986559,0.175917
0.985737,0.182410
0.984887,0.188900
0.984014,0.195387
0.983112,0.201885
0.982190,0.208382
0.981251,0.214877
0.980295,0.221360
0.979324,0.227842
0.978345,0.234323
0.977360,0.240769
0.976368,0.247215
0.975375,0.253661
0.974387,0.260049
0.973399,0.266438
0.972418,0.272828
0.971453,0.279138
0.970496,0.285451
0.969552,0.291766
0.968634,0.297979
0.967732,0.304197
0.966850,0.310417
0.966003,0.316516
0.965179,0.322620
0.964383,0.328728
0.963631,0.334696
0.962908,0.340669
0.962221,0.346647
0.961584,0.352467
0.960985,0.358293
0.960428,0.364123
0.959927,0.369778
0.959471,0.375440
0.959065,0.381105
0.958720,0.386580
0.958427,0.392062
0.958193,0.397546
0.958016,0.403007
0.957906,0.408475
0.957852,0.414487
0.957781,0.420216
0.957728,0.425470
0.957799,0.430437
0.957997,0.435385
0.958280,0.440318
0.958637,0.445049
0.959109,0.449773
0.959687,0.454478
0.960361,0.459176
0.961111,0.463656
0.961978,0.468115
0.962956,0.472562
0.964001,0.476784
0.965167,0.480975
0.966466,0.485174
0.967823,0.489138
0.969308,0.493057
0.970954,0.497009
0.972645,0.500717
0.974471,0.504363
0.976498,0.508071
0.978556,0.511525
0.980751,0.514895
0.983086,0.518187
0.985557,0.521382
0.988164,0.524468
0.990858,0.527412
0.993489,0.530130
0.996201,0.532783
0.999290,0.535586
1.002474,0.538273
1.005742,0.540856
1.009448,0.543585
1.013244,0.546186
1.017121,0.548663
1.021453,0.551237
1.025860,0.553676
1.030338,0.555984
1.035262,0.558338
1.040247,0.560554
1.045288,0.562642
1.050746,0.564731
1.056250,0.566685
1.061797,0.568518
1.067718,0.570320
1.073673,0.571993
1.080133,0.573678
1.086597,0.575243
1.093033,0.576657
1.099702,0.577990
1.106446,0.579205
1.113224,0.580305
1.120203,0.581316
1.127265,0.582228
1.134351,0.583047
1.141609,0.583789
1.148874,0.584440
1.156145,0.585012
1.163537,0.585508
1.170933,0.585923
1.178333,0.586265
1.185814,0.586534
1.193297,0.586729
1.200782,0.586858
1.208310,0.586917
1.215839,0.586908
1.223368,0.586836
1.230905,0.586700
1.238441,0.586500
1.245974,0.586240
1.253481,0.585919
1.260985,0.585538
1.268485,0.585098
1.275925,0.584603
1.283361,0.584049
1.290792,0.583436
1.298130,0.582773
1.305462,0.582052
1.312788,0.581272
1.319989,0.580447
1.327183,0.579564
1.334370,0.578620
1.341400,0.577639
1.348422,0.576598
1.355435,0.575494
1.362260,0.574360
1.369076,0.573163
1.375879,0.571902
1.382467,0.570617
1.389042,0.569268
1.395602,0.567850
1.401918,0.566418
1.408219,0.564918
1.414502,0.563345
1.421149,0.561599
1.427141,0.559928
1.433009,0.558200
1.438854,0.556396
1.444673,0.554505
1.450263,0.552593
1.455731,0.550637
1.461168,0.548595
1.466349,0.546545
1.471402,0.544447
1.476416,0.542256
1.481166,0.540066
1.485782,0.537826
1.490347,0.535486
1.494650,0.533154
1.498809,0.530770
1.502905,0.528278
1.506747,0.525797
1.510435,0.523264
1.514043,0.520617
1.517418,0.517972
1.520626,0.515278
1.523733,0.512467
1.526580,0.509702
1.529282,0.506939
1.531915,0.504106
1.534586,0.501038
1.537091,0.497963
1.539495,0.494808
1.541949,0.491350
1.544228,0.487893
1.546384,0.484356
1.548522,0.480541
1.550523,0.476652
1.552385,0.472694
1.554166,0.468535
1.555860,0.464201
1.557416,0.459814
1.558870,0.455219
1.560222,0.450460
1.561440,0.445663
1.562541,0.440669
1.563531,0.435522
1.564395,0.430352
1.565133,0.425010
1.565758,0.419526
1.566269,0.414028
1.566649,0.408526
1.566913,0.402810
1.567061,0.397102
1.567087,0.391376
1.567002,0.385379
1.566815,0.379111
1.566532,0.372699
1.566153,0.366293
1.565673,0.359860
1.565106,0.353307
1.564464,0.346759
1.563716,0.340090
1.562891,0.333433
1.562006,0.326782
1.561034,0.320037
1.559998,0.313302
1.558914,0.306575
1.557761,0.299776
1.556559,0.292987
1.555318,0.286204
1.554022,0.279370
1.552690,0.272544
1.551329,0.265724
1.549927,0.258871
1.548498,0.252025
1.547049,0.245184
1.545572,0.238328
1.544078,0.231478
1.542570,0.224630
1.541048,0.217785
1.539514,0.210943
1.537975,0.204103
1.536432,0.197282
1.534886,0.190463
1.533340,0.183644
1.531802,0.176862
1.530265,0.170080
1.528736,0.163297
1.527223,0.156569
1.525720,0.149840
1.524228,0.143108
1.522762,0.136449
1.521310,0.129787
1.519876,0.123122
1.518477,0.116547
1.517096,0.109969
1.515738,0.103387
1.514423,0.096911
1.513132,0.090431
1.511869,0.083946
1.510656,0.077585
1.509472,0.071220
1.508320,0.064848
1.507225,0.058618
1.506164,0.052383
1.505136,0.046097
1.504152,0.039805
1.503215,0.033505
1.502351,0.027392
1.501534,0.021274
1.500771,0.015149
1.500082,0.009232
1.499447,0.003312
1.498871,-0.002615
1.498370,-0.008322
1.497929,-0.014032
1.497553,-0.019746
1.497207,-0.025602
1.496785,-0.031390
1.496360,-0.036652
1.496038,-0.041911
1.495824,-0.047193
1.495660,-0.052488
1.495551,-0.058008
1.495531,-0.063529
1.495583,-0.069057
1.495702,-0.074801
1.495890,-0.080541
1.496152,-0.086279
1.496490,-0.092209
1.496892,-0.098136
1.497357,-0.104058
1.497900,-0.110141
1.498501,-0.116221
1.499153,-0.122296
1.499878,-0.128500
1.500653,-0.134702
1.501470,-0.140898
1.502349,-0.147192
1.503269,-0.153484
1.504221,-0.159770
1.505223,-0.166126
1.506257,-0.172480
1.507315,-0.178829
1.508409,-0.185221
1.509527,-0.191611
1.510660,-0.197999
1.511816,-0.204402
1.512987,-0.210806
1.514165,-0.217208
1.515354,-0.223602
1.516549,-0.229997
1.517745,-0.236392
1.518937,-0.242755
1.520130,-0.249121
1.521344,-0.255649
1.522548,-0.262181
1.523739,-0.268714
1.524903,-0.275156
1.526051,-0.281604
1.527179,-0.288055
1.528268,-0.294387
1.529336,-0.300725
1.530376,-0.307068
1.531370,-0.313274
1.532336,-0.319487
1.533269,-0.325704
1.534148,-0.331768
1.534992,-0.337839
1.535796,-0.343916
1.536540,-0.349822
1.537243,-0.355735
1.537899,-0.361654
1.538491,-0.367387
1.539034,-0.373127
1.539524,-0.378873
1.539946,-0.384418
1.540313,-0.389971
1.540619,-0.395528
1.540864,-0.400613
1.541172,-0.405672
1.541524,-0.411026
1.541736,-0.416169
1.541811,-0.421295
1.541816,-0.426409
1.541743,-0.431332
1.541556,-0.436255
1.541271,-0.441164
1.540900,-0.446063
1.540442,-0.450757
1.539873,-0.455435
1.539207,-0.460093
1.538463,-0.464536
1.537604,-0.468959
1.536632,-0.473373
1.535591,-0.477564
1.534428,-0.481723
1.533135,-0.485891
1.531781,-0.489828
1.530298,-0.493719
1.528658,-0.497643
1.526969,-0.501327
1.525146,-0.504947
1.523123,-0.508630
1.521067,-0.512062
1.518710,-0.515651
1.516313,-0.518968
1.513767,-0.522171
1.511100,-0.525248
1.508478,-0.528075
1.505764,-0.530821
1.502521,-0.533866
1.499326,-0.536654
1.496038,-0.539330
1.492157,-0.542269
1.488346,-0.544954
1.484448,-0.547510
1.479925,-0.550264
1.475499,-0.552772
1.470999,-0.555145
1.465872,-0.557649
1.460867,-0.559922
1.455803,-0.562062
1.450136,-0.564276
1.444611,-0.566275
1.439043,-0.568149
1.432929,-0.570050
1.427002,-0.571757
1.421025,-0.573339
1.414612,-0.574902
1.408339,-0.576293
1.401989,-0.577573
1.395177,-0.578823
1.388508,-0.579931
1.381821,-0.580944
1.374712,-0.581912
1.367811,-0.582757
1.360887,-0.583515
1.353817,-0.584199
1.346733,-0.584798
1.339621,-0.585318
1.332373,-0.585767
1.325121,-0.586141
1.317865,-0.586445
1.310514,-0.586680
1.303162,-0.586845
1.295808,-0.586946
1.288398,-0.586981
1.280988,-0.586950
1.273578,-0.586859
1.266148,-0.586705
1.258720,-0.586490
1.251295,-0.586216
1.243636,-0.585871
1.235980,-0.585461
1.228383,-0.584990
1.220791,-0.584456
1.213203,-0.583860
1.205723,-0.583209
1.198248,-0.582497
1.190780,-0.581723
1.183451,-0.580903
1.176129,-0.580021
1.168816,-0.579077
1.161672,-0.578095
1.154537,-0.577050
1.147411,-0.575942
1.140485,-0.574803
1.133569,-0.573600
1.126666,-0.572332
1.119988,-0.571040
1.113323,-0.569683
1.106673,-0.568256
1.100276,-0.566816
1.093894,-0.565307
1.087530,-0.563725
1.080846,-0.561981
1.074780,-0.560306
1.068741,-0.558549
1.063017,-0.556814
1.057315,-0.555004
1.051641,-0.553109
1.046283,-0.551238
1.040954,-0.549287
1.035657,-0.547246
1.030692,-0.545241
1.025760,-0.543148
1.020870,-0.540959
1.016317,-0.538818
1.011807,-0.536582
1.007349,-0.534244
1.003226,-0.531966
0.999158,-0.529585
0.995156,-0.527096
0.991477,-0.524674
0.987867,-0.522144
0.984340,-0.519500
0.981111,-0.516922
0.977971,-0.514231
0.974934,-0.511423
0.972222,-0.508735
0.969581,-0.505978
0.966875,-0.502995
0.964275,-0.499912
0.961794,-0.496736
0.959318,-0.493345
0.956960,-0.489864
0.954738,-0.486295
0.952533,-0.482445
0.950465,-0.478520
0.948541,-0.474522
0.946748,-0.470429
0.945009,-0.466049
0.943415,-0.461614
0.941953,-0.457062
0.940570,-0.452246
0.939327,-0.447391
0.938221,-0.442440
0.937211,-0.437233
0.936335,-0.432004
0.935604,-0.426821
0.934988,-0.421388
0.934503,-0.415918
0.934151,-0.410466
0.933909,-0.404706
0.933782,-0.398914
0.933771,-0.393079
0.933865,-0.386997
0.934047,-0.380917
0.934327,-0.374875
0.934711,-0.368609
0.935172,-0.362347
0.935709,-0.356155
0.936346,-0.349740
0.937049,-0.343333
0.937838,-0.336790
0.938690,-0.330256
0.939598,-0.323730
0.940580,-0.317100
0.941614,-0.310479
0.942692,-0.303864
0.943834,-0.297168
0.945018,-0.290481
0.946236,-0.283799
0.947506,-0.277057
0.948809,-0.270321
0.950137,-0.263591
0.951505,-0.256819
0.952898,-0.250053
0.954309,-0.243291
0.955747,-0.236505
0.957202,-0.229724
0.958719,-0.222706
0.960246,-0.215691
0.961783,-0.208677
0.963323,-0.201692
0.964866,-0.194709
0.966411,-0.187725
0.967947,-0.180796
0.969482,-0.173867
0.971011,-0.166937
0.972522,-0.160077
0.974026,-0.153217
0.975519,-0.146354
0.976984,-0.139577
0.978437,-0.132799
0.979873,-0.126017
0.981273,-0.119337
0.982655,-0.112654
0.984015,-0.105966
0.985332,-0.099397
0.986625,-0.092824
0.987892,-0.086245
0.989107,-0.079801
0.990295,-0.073352
0.991450,-0.066898
0.992548,-0.060594
0.993612,-0.054285
0.994639,-0.047970
0.995603,-0.041821
0.996528,-0.035667
0.997410,-0.029507
0.998225,-0.023529
0.998995,-0.017545
0.999716,-0.011555
1.000366,-0.005760
1.000966,0.000038
1.001510,0.005842
1.001982,0.011439
1.002396,0.017038
1.002747,0.022642
1.003062,0.028276
1.003454,0.033900
1.003845,0.038996
1.004146,0.044220
1.004384,0.049465
1.004632,0.054713
1.004856,0.060063
1.005045,0.065554
1.005246,0.071053
1.005474,0.076758
1.005710,0.082463
1.005987,0.088542
1.006302,0.094622
1.006650,0.100696
1.007034,0.106910
1.007454,0.113125
1.007914,0.119336
1.008418,0.125654
1.008956,0.131970
1.009533,0.138284
1.010156,0.144680
1.010813,0.151073
1.011504,0.157462
1.012238,0.163911
1.013002,0.170355
1.013794,0.176796
1.014622,0.183273
1.015476,0.189745
1.016351,0.196214
1.017253,0.202696
1.018175,0.209173
1.019111,0.215649
1.020064,0.222113
1.021030,0.228574
1.022003,0.235033
1.022982,0.241459
1.023967,0.247881
1.024952,0.254303
1.025932,0.260669
1.026911,0.267032
1.027883,0.273396
1.028839,0.279682
1.029786,0.285967
1.030719,0.292254
1.031627,0.298443
1.032519,0.304631
1.033390,0.310822
1.034227,0.316895
1.035040,0.322969
1.035825,0.329046
1.036568,0.334986
1.037280,0.340927
1.037957,0.346872
1.038584,0.352662
1.039174,0.358453
1.039721,0.364248
1.040213,0.369871
1.040660,0.375495
1.041056,0.381123
1.041394,0.386564
1.041679,0.392004
1.041903,0.397423
1.042058,0.402840
1.042143,0.408261
1.042177,0.414110
1.042227,0.419764
1.042253,0.424960
1.042161,0.429840
1.041949,0.434731
1.041655,0.439625
1.041289,0.444296
1.040813,0.448954
1.040234,0.453606
1.039562,0.458248
1.038818,0.462663
1.037964,0.467058
1.037000,0.471443
1.035975,0.475596
1.034833,0.479717
1.033563,0.483846
1.032240,0.487737
1.030795,0.491581
1.029194,0.495460
1.027552,0.499092
1.025783,0.502662
1.023817,0.506296
1.021826,0.509675
1.019706,0.512971
1.017448,0.516195
1.015063,0.519319
1.012548,0.522339
1.009924,0.525247
1.007341,0.527961
1.004698,0.530591
1.001694,0.533368
0.998585,0.536042
0.995391,0.538617
0.991767,0.541343
0.988050,0.543947
0.984250,0.546432
0.979994,0.549024
0.975657,0.551486
0.971249,0.553820
0.966390,0.556208
0.961462,0.558465
0.956478,0.560594
0.951132,0.562729
0.945728,0.564721
0.940266,0.566580
0.934482,0.568392
0.928588,0.570099
0.922177,0.571813
0.915742,0.573398
0.909277,0.574855
0.902561,0.576236
0.895768,0.577505
0.888951,0.578667
0.881958,0.579740
0.874895,0.580715
0.867793,0.581596
0.860518,0.582397
0.853230,0.583110
0.845935,0.583742
0.838521,0.584295
0.831098,0.584767
0.823670,0.585165
0.816162,0.585488
0.808650,0.585736
0.801135,0.585916
0.793579,0.586025
0.786020,0.586064
0.778461,0.586039
0.770896,0.585948
0.763332,0.585791
0.755769,0.585573
0.748237,0.585293
0.740711,0.584949
0.733189,0.584546
0.725733,0.584082
0.718278,0.583561
0.710822,0.582978
0.703460,0.582343
0.696103,0.581648
0.688752,0.580895
0.681529,0.580095
0.674314,0.579236
0.667106,0.578317
0.660058,0.577359
0.653019,0.576339
0.645989,0.575258
0.639149,0.574144
0.632321,0.572968
0.625503,0.571727
0.618905,0.570462
0.612321,0.569133
0.605751,0.567734
0.599427,0.566322
0.593122,0.564841
0.586833,0.563287
0.580613,0.561676
0.574419,0.559986
0.567835,0.558088
0.561985,0.556303
0.556162,0.554427
0.550692,0.552579
0.545257,0.550644
0.539856,0.548617
0.534797,0.546624
0.529780,0.544541
0.524805,0.542361
0.520180,0.540230
0.515605,0.538006
0.511082,0.535678
0.506906,0.533412
0.502793,0.531050
0.498766,0.528578
0.495049,0.526176
0.491425,0.523681
0.487927,0.521090
0.484681,0.518548
0.481540,0.515899
0.478490,0.513135
0.475741,0.510471
0.473055,0.507729
0.470443,0.504926
0.467864,0.501980
0.465411,0.498944
0.463080,0.495804
0.460715,0.492373
0.458527,0.488857
0.456495,0.485241
0.454443,0.481184
0.452564,0.477047
0.450874,0.472835
0.449213,0.468086
0.447742,0.463268
0.446464,0.458401
0.445281,0.452978
0.444297,0.447503
0.443498,0.442001
0.442851,0.435984
0.442398,0.429936
0.442118,0.423881
0.442018,0.417463
0.442105,0.411012
0.442354,0.404547
0.442795,0.397810
0.443402,0.390988
0.444151,0.384162
0.445108,0.376913
0.446222,0.369639
0.447510,0.362118
0.448912,0.354573
0.450413,0.347050
0.452053,0.339400
0.453782,0.331764
0.455581,0.324145
0.457484,0.316464
0.459457,0.308794
0.461480,0.301136
0.463571,0.293465
0.465713,0.285803
0.467889,0.278149
0.470100,0.270525
0.472343,0.262907
0.474606,0.255294
0.476873,0.247751
0.479158,0.240209
0.481448,0.232669
0.483716,0.225239
0.485987,0.217805
0.488251,0.210370
0.490467,0.203081
0.492674,0.195786
0.494862,0.188485
0.496980,0.181367
0.499077,0.174240
0.501145,0.167104
0.503251,0.159797
0.505356,0.152740
0.507426,0.145841
0.509321,0.139196
0.511134,0.132543
0.512904,0.125882
0.514543,0.119488
0.516103,0.113073
0.517594,0.106648
0.518953,0.100536
0.520237,0.094400
0.521436,0.088251
0.522497,0.082448
0.523477,0.076623
0.524360,0.070784
0.525105,0.065316
0.525756,0.059828
0.526299,0.054330
0.526710,0.049219
0.527012,0.044091
0.527176,0.039204
0.527200,0.034307
0.527074,0.029415
0.526828,0.024904
0.526428,0.020391
0.525860,0.015900
0.525190,0.011760
0.524350,0.007635
0.523325,0.003553
0.522198,-0.000247
0.520886,-0.004006
0.519376,-0.007690
0.517732,-0.011197
0.515916,-0.014624
0.513922,-0.017955
0.511762,-0.021180
0.509528,-0.024225
0.507162,-0.027177
0.504413,-0.030284
0.501590,-0.033186
0.498634,-0.035953
0.495181,-0.038883
0.491678,-0.041590
0.488052,-0.044134
0.483847,-0.046797
0.479622,-0.049225
0.475297,-0.051479
0.470360,-0.053780
0.465432,-0.055849
0.460431,-0.057741
0.454835,-0.059609
0.449276,-0.061256
0.443669,-0.062734
0.437515,-0.064131
0.431424,-0.065328
0.425319,-0.066373
0.418933,-0.067271
0.412502,-0.067992
0.406032,-0.068562
0.399237,-0.068992
0.392424,-0.069277
0.385601,-0.069429
0.378515,-0.069441
0.371426,-0.069333
0.364336,-0.069117
0.357039,-0.068770
0.349762,-0.068324
0.342459,-0.067790
0.334918,-0.067143
0.327487,-0.066429
0.319624,-0.065609
0.311869,-0.064729
0.304122,-0.063779
0.296352,-0.062756
0.288590,-0.061676
0.280836,-0.060541
0.273101,-0.059348
0.265374,-0.058106
0.257654,-0.056823
0.249989,-0.055501
0.242331,-0.054139
0.234680,-0.052745
0.227118,-0.051331
0.219564,-0.049885
0.212014,-0.048414
0.204589,-0.046939
0.197170,-0.045441
0.189755,-0.043924
0.182499,-0.042417
0.175247,-0.040893
0.167999,-0.039356
0.160944,-0.037843
0.153893,-0.036319
0.146843,-0.034785
0.140022,-0.033290
0.133204,-0.031787
0.126386,-0.030279
0.119833,-0.028822
0.113281,-0.027362
0.106730,-0.025900
0.099321,-0.024233
0.092762,-0.022702
0.086533,-0.021206
0.080693,-0.019827
0.074842,-0.018477
0.068987,-0.017129
0.063502,-0.015871
0.058014,-0.014633
0.052521,-0.013409
0.047430,-0.012282
0.042340,-0.011170
0.037244,-0.010076
0.032588,-0.009087
0.027930,-0.008114
0.023268,-0.007161
0.019085,-0.006320
0.014898,-0.005498
0.010707,-0.004698
0.007033,-0.004013
0.003356,-0.003351
0.000110,-0.002791
-0.003140,-0.002262
-0.006395,-0.001765
-0.009051,-0.001384
-0.011707,-0.001039
-0.014370,-0.000733
-0.016758,-0.000488
-0.019150,-0.000266
-0.021542,-0.000070
-0.023590,0.000076
-0.025643,0.000205
-0.027696,0.000319
-0.029413,0.000400
-0.031135,0.000469
-0.032857,0.000529
-0.034258,0.000570
-0.035662,0.000603
-0.037068,0.000630
-0.038169,0.000647
-0.039273,0.000658
-0.040378,0.000665
-0.041200,0.000668
-0.042022,0.000668
-0.042845,0.000665
-0.043403,0.000661
-0.043962,0.000656
-0.044521,0.000648
-0.045378,0.000632
-0.045688,0.000625
-0.046000,0.000616
-0.046298,0.000605
-0.046326,0.000608
-0.046357,0.000609
-0.046388,0.000608
-0.046302,0.000629
-0.046191,0.000663
-0.046106,0.000693
-0.046027,0.000725
-0.045934,0.000768
-0.045845,0.000816
-0.045767,0.000862
-0.045687,0.000915
-0.045607,0.000974
-0.045533,0.001035
-0.045462,0.001098
-0.045394,0.001166
-0.045328,0.001238
-0.045267,0.001312
-0.045210,0.001389
-0.045156,0.001470
-0.045107,0.001553
-0.045061,0.001638
-0.045021,0.001726
-0.044984,0.001816
-0.044953,0.001908
-0.044926,0.002001
-0.044904,0.002096
-0.044886,0.002191
-0.044874,0.002288
-0.044867,0.002385
-0.044865,0.002482
-0.044868,0.002578
-0.044876,0.002675
-0.044889,0.002771
-0.044907,0.002866
-0.044884,0.002692
-0.044852,0.002521
-0.044811,0.002351
-0.044670,0.001912
-0.044507,0.001481
-0.044323,0.001059
-0.043996,0.000414
-0.043638,-0.000213
-0.043247,-0.000821
-0.042696,-0.001587
-0.042106,-0.002325
-0.041479,-0.003031
-0.040698,-0.003824
-0.039878,-0.004576
-0.039021,-0.005285
-0.038044,-0.006012
-0.037032,-0.006689
-0.035986,-0.007313
-0.034878,-0.007900
-0.033742,-0.008431
-0.032580,-0.008902
-0.031429,-0.009302
-0.030260,-0.009643
-0.029075,-0.009924
-0.027979,-0.010126
-0.026872,-0.010273
-0.025761,-0.010364
-0.026005,-0.010364
-0.025129,-0.010356
